{
  "name": "ELEGOO NEPTUNE X",
  "version": 2,
  "inherits": "elegoo_base",
  "metadata": {
    "author": "NARUTO",
    "visible": true,
    "quality_definition": "elegoo_base",
    "machine_extruder_trains": { "0": "elegoo_neptune2_extruder_0" }
  },
  "overrides": {
    "machine_name": { "default_value": "ELEGOO NEPTUNE X" },
    "machine_width": { "default_value": 235 },
    "machine_depth": { "default_value": 235 },
    "machine_height": { "default_value": 310 },
    "machine_head_with_fans_polygon": {
      "value": [
        [-55, 20],
        [55, 20],
        [55, -25],
        [-55, -25]
      ]
    },

    "machine_start_gcode": {
      "default_value": ";ELEGOO NEPTUNE X\nG90\nG28 ;home\nG1 Z0.6 F3000 ;Move Z Axis up\nG92 E0 ;Reset Extruder\nG1 X1.5 Y20 F5000.0 ;Move to start position\nG1 Y120.0 F600.0 E20 ;Draw the first line\nG1 X0.5 F1000.0 ;Move to side a little\nG1 Y20 F600.0 E40 ;Draw the second line\nG92 E0 ;Reset Extruder"
    },
    "machine_end_gcode": {
      "default_value": "G91 ;Relative positionning\nG1 E-2 F2700 ;Retract a bit\nG1 E-10 X5 Y5 Z3 F3000 ;Retract\nG90 ;Absolute positionning\nG1 X0 Y{machine_depth} ;Present print\nM106 S0 ;Turn-off fan\nM104 S0 ;Turn-off hotend\nM140 S0 ;Turn-off bed\nM84 X Y E ;Disable all steppers but Z"
    },

    "material_bed_temperature": { "value": "default_material_bed_temperature + 5" }
  }
}
